Model,Accuracy,Precision,Recall,F1
RandomForest,0.9928741092636579,1.0,0.9794520547945206,0.9896193771626297
XGBoost,0.9809976247030879,0.96,0.9863013698630136,0.972972972972973
LogisticRegression,0.8954869358669834,0.8591549295774648,0.8356164383561644,0.8472222222222222
